create table category (
	id INT,
	genres VARCHAR(50),
	description_category VARCHAR(100),

    constraint pk_category primary key (id)
);


insert into category (id, genres, description_category) values (1, 'Action|Comedy|Crime', 'in hac habitasse');
insert into category (id, genres, description_category) values (2, 'Drama|Romance', 'ipsum aliquam non');
insert into category (id, genres, description_category) values (3, 'Drama', 'commodo placerat praesent');
insert into category (id, genres, description_category) values (4, 'Action|Comedy', 'a libero nam');
insert into category (id, genres, description_category) values (5, 'Crime|Drama|Romance', 'semper est quam');
insert into category (id, genres, description_category) values (6, 'Action|Sci-Fi|Thriller', 'erat fermentum justo');
insert into category (id, genres, description_category) values (7, 'Drama|Mystery|Romance|Thriller', 'in tempor turpis');
insert into category (id, genres, description_category) values (8, 'Comedy|Drama|Mystery|Thriller', 'in felis eu');
insert into category (id, genres, description_category) values (9, 'Comedy', 'amet eros suspendisse');
insert into category (id, genres, description_category) values (10, 'Drama|Film-Noir', 'non lectus aliquam');
insert into category (id, genres, description_category) values (11, 'Comedy|Horror', 'pede ac diam');
insert into category (id, genres, description_category) values (12, 'Comedy|Crime|Drama|Mystery', 'luctus et ultrices');
insert into category (id, genres, description_category) values (13, 'Drama|Romance', 'dis parturient montes');
insert into category (id, genres, description_category) values (14, 'Drama', 'turpis enim blandit');
insert into category (id, genres, description_category) values (15, 'Horror|Thriller', 'ultrices posuere cubilia');
insert into category (id, genres, description_category) values (16, 'Comedy|Romance', 'rhoncus aliquam lacus');
insert into category (id, genres, description_category) values (17, 'Comedy|Crime|Thriller', 'odio elementum eu');
insert into category (id, genres, description_category) values (18, 'Comedy|Drama|War', 'cursus vestibulum proin');
insert into category (id, genres, description_category) values (19, 'Crime|Mystery|Thriller', 'pellentesque volutpat dui');
insert into category (id, genres, description_category) values (20, 'Action|Animation|Sci-Fi', 'lacinia nisi venenatis');
insert into category (id, genres, description_category) values (21, 'Action|Adventure|Sci-Fi|Thriller', 'nec molestie sed');
insert into category (id, genres, description_category) values (22, 'Documentary', 'dolor quis odio');
insert into category (id, genres, description_category) values (23, 'Comedy', 'turpis integer aliquet');
insert into category (id, genres, description_category) values (24, 'Action|Crime|Drama', 'platea dictumst aliquam');
insert into category (id, genres, description_category) values (25, 'Documentary', 'vel enim sit');
insert into category (id, genres, description_category) values (26, 'Adventure|Drama', 'nisl nunc rhoncus');
insert into category (id, genres, description_category) values (27, 'Drama', 'sagittis nam congue');
insert into category (id, genres, description_category) values (28, 'Action', 'pede justo lacinia');
insert into category (id, genres, description_category) values (29, 'Animation|Children|Comedy', 'quis augue luctus');
insert into category (id, genres, description_category) values (30, 'Action|Comedy|Western', 'porta volutpat erat');
insert into category (id, genres, description_category) values (31, '(no genres listed)', 'a odio in');
insert into category (id, genres, description_category) values (32, 'Action|Drama|War', 'nulla neque libero');
insert into category (id, genres, description_category) values (33, 'Drama', 'donec ut mauris');
insert into category (id, genres, description_category) values (34, 'Crime|Drama|Romance', 'in felis eu');
insert into category (id, genres, description_category) values (35, 'Drama|Romance', 'ultricies eu nibh');
insert into category (id, genres, description_category) values (36, 'Drama|Romance|Western', 'quisque erat eros');
insert into category (id, genres, description_category) values (37, 'Drama', 'tellus nisi eu');
insert into category (id, genres, description_category) values (38, 'Comedy|Musical|Romance', 'cubilia curae duis');
insert into category (id, genres, description_category) values (39, 'Drama', 'at dolor quis');
insert into category (id, genres, description_category) values (40, 'Action|Mystery|Thriller', 'proin at turpis');
insert into category (id, genres, description_category) values (41, 'Adventure|Musical', 'sollicitudin vitae consectetuer');
insert into category (id, genres, description_category) values (42, 'Comedy|Drama', 'turpis nec euismod');
insert into category (id, genres, description_category) values (43, 'Drama|Romance', 'at lorem integer');
insert into category (id, genres, description_category) values (44, 'Action|Adventure|Comedy|Sci-Fi', 'amet sapien dignissim');
insert into category (id, genres, description_category) values (45, 'Drama|Thriller', 'ut nulla sed');
insert into category (id, genres, description_category) values (46, 'Action|Adventure|Drama|Fantasy|Romance', 'porttitor lorem id');
insert into category (id, genres, description_category) values (47, 'Drama', 'tortor sollicitudin mi');
insert into category (id, genres, description_category) values (48, 'Comedy', 'eu nibh quisque');
insert into category (id, genres, description_category) values (49, 'Comedy|War', 'adipiscing elit proin');
insert into category (id, genres, description_category) values (50, 'Comedy|Drama|Fantasy', 'amet consectetuer adipiscing');
insert into category (id, genres, description_category) values (51, 'Drama', 'neque sapien placerat');
insert into category (id, genres, description_category) values (52, 'Drama', 'et ultrices posuere');
insert into category (id, genres, description_category) values (53, 'Comedy', 'nisi eu orci');
insert into category (id, genres, description_category) values (54, 'Action|Crime|Thriller', 'ipsum aliquam non');
insert into category (id, genres, description_category) values (55, 'Crime|Horror|Mystery|Thriller', 'ipsum praesent blandit');
insert into category (id, genres, description_category) values (56, 'Drama|Romance|Thriller', 'commodo vulputate justo');
insert into category (id, genres, description_category) values (57, 'Drama', 'nam dui proin');
insert into category (id, genres, description_category) values (58, 'Drama|Romance', 'non mauris morbi');
insert into category (id, genres, description_category) values (59, 'Action|Adventure|Drama|War', 'ipsum aliquam non');
insert into category (id, genres, description_category) values (60, 'Drama|Romance', 'eu magna vulputate');
insert into category (id, genres, description_category) values (61, 'Musical', 'sed accumsan felis');
insert into category (id, genres, description_category) values (62, 'Drama', 'malesuada in imperdiet');
insert into category (id, genres, description_category) values (63, 'Comedy', 'mi nulla ac');
insert into category (id, genres, description_category) values (64, 'Drama|Film-Noir', 'sit amet consectetuer');
insert into category (id, genres, description_category) values (65, 'Comedy', 'proin interdum mauris');
insert into category (id, genres, description_category) values (66, 'Comedy', 'sagittis nam congue');
insert into category (id, genres, description_category) values (67, 'Comedy', 'id consequat in');
insert into category (id, genres, description_category) values (68, 'Action|Adventure|Horror|Sci-Fi', 'vulputate nonummy maecenas');
insert into category (id, genres, description_category) values (69, 'Drama|Mystery|Romance|Thriller', 'metus aenean fermentum');
insert into category (id, genres, description_category) values (70, 'Comedy|Drama|War', 'eleifend luctus ultricies');
insert into category (id, genres, description_category) values (71, 'Comedy', 'ac neque duis');
insert into category (id, genres, description_category) values (72, 'Drama|Romance', 'turpis donec posuere');
insert into category (id, genres, description_category) values (73, 'Drama', 'iaculis congue vivamus');
insert into category (id, genres, description_category) values (74, 'Documentary', 'mi pede malesuada');
insert into category (id, genres, description_category) values (75, 'Drama', 'sem fusce consequat');
insert into category (id, genres, description_category) values (76, 'Action|Drama', 'sociis natoque penatibus');
insert into category (id, genres, description_category) values (77, 'Drama|Romance', 'vestibulum ac est');
insert into category (id, genres, description_category) values (78, 'Comedy|Fantasy', 'etiam vel augue');
insert into category (id, genres, description_category) values (79, 'Drama|Film-Noir|Thriller', 'non mattis pulvinar');
insert into category (id, genres, description_category) values (80, 'Drama|Romance', 'aliquet at feugiat');
insert into category (id, genres, description_category) values (81, 'Drama', 'justo eu massa');
insert into category (id, genres, description_category) values (82, 'Comedy', 'dui vel nisl');
insert into category (id, genres, description_category) values (83, 'Crime|Drama|Thriller', 'scelerisque quam turpis');
insert into category (id, genres, description_category) values (84, 'Drama', 'mauris enim leo');
insert into category (id, genres, description_category) values (85, 'Comedy', 'pretium nisl ut');
insert into category (id, genres, description_category) values (86, 'Comedy', 'sit amet sem');
insert into category (id, genres, description_category) values (87, 'Adventure', 'etiam pretium iaculis');
insert into category (id, genres, description_category) values (88, 'Documentary', 'turpis enim blandit');
insert into category (id, genres, description_category) values (89, 'Drama', 'ipsum primis in');
insert into category (id, genres, description_category) values (90, 'Adventure|Comedy|Documentary', 'justo morbi ut');
insert into category (id, genres, description_category) values (91, 'Comedy|Drama', 'luctus et ultrices');
insert into category (id, genres, description_category) values (92, 'Drama', 'mauris eget massa');
insert into category (id, genres, description_category) values (93, 'Action|Crime|Sci-Fi|Thriller', 'pede malesuada in');
insert into category (id, genres, description_category) values (94, 'Horror', 'ut suscipit a');
insert into category (id, genres, description_category) values (95, 'Comedy|Drama', 'tellus semper interdum');
insert into category (id, genres, description_category) values (96, 'Action|Sci-Fi', 'blandit non interdum');
insert into category (id, genres, description_category) values (97, 'Documentary|Musical', 'ante ipsum primis');
insert into category (id, genres, description_category) values (98, 'Comedy|Drama', 'sapien iaculis congue');
insert into category (id, genres, description_category) values (99, 'Comedy|Drama', 'dolor vel est');
insert into category (id, genres, description_category) values (100, 'Drama|Musical', 'dapibus duis at');

create table movies (
	id INT,
	title VARCHAR(100),
	description_movie VARCHAR(100),
	price DECIMAL(4,2),

	constraint pk_movies primary key (id)


);


insert into movies (id, title, description_movie, price) values (1, 'Beastmaster, The', 'orci mauris lacinia', 9.17);
insert into movies (id, title, description_movie, price) values (2, 'Headshot', 'fusce', 5.34);
insert into movies (id, title, description_movie, price) values (3, 'Eden Log', 'id', 6.65);
insert into movies (id, title, description_movie, price) values (4, 'Countess from Hong Kong, A', 'vestibulum sed', 1.14);
insert into movies (id, title, description_movie, price) values (5, 'Home Movie', 'non lectus', 7.94);
insert into movies (id, title, description_movie, price) values (6, 'Shot in the Dark, A', 'mi sit', 8.69);
insert into movies (id, title, description_movie, price) values (7, 'Immortel (ad vitam) (Immortal)', 'in ante vestibulum', 9.52);
insert into movies (id, title, description_movie, price) values (8, 'Jubilation Street', 'nec condimentum', 4.23);
insert into movies (id, title, description_movie, price) values (9, 'Peas at 5:30 (Erbsen auf halb 6)', 'cras in purus', 7.2);
insert into movies (id, title, description_movie, price) values (10, 'Murder à la Mod', 'id', 6.77);
insert into movies (id, title, description_movie, price) values (11, 'Two Shots Fired', 'elit ac', 5.75);
insert into movies (id, title, description_movie, price) values (12, 'Zerophilia', 'dapibus duis', 9.86);
insert into movies (id, title, description_movie, price) values (13, 'Dr. Dolittle', 'curae nulla dapibus', 7.48);
insert into movies (id, title, description_movie, price) values (14, 'Round Up, The (La Rafle)', 'iaculis congue vivamus', 5.53);
insert into movies (id, title, description_movie, price) values (15, 'Wanderers', 'vestibulum sit', 6.64);
insert into movies (id, title, description_movie, price) values (16, 'New Rose Hotel', 'at vulputate vitae', 8.41);
insert into movies (id, title, description_movie, price) values (17, 'Wedding Weekend, The (Sing Now or Forever Hold Your Peace) (Shut Up and Sing)', 'vulputate elementum nullam', 3.19);
insert into movies (id, title, description_movie, price) values (18, 'Distinguished Gentleman, The', 'rhoncus mauris', 2.68);
insert into movies (id, title, description_movie, price) values (19, 'Accidental Golfer, The (Den ofrivillige golfaren)', 'vestibulum ante', 5.17);
insert into movies (id, title, description_movie, price) values (20, 'Body Snatcher, The', 'id', 4.63);
insert into movies (id, title, description_movie, price) values (21, 'Diamond Arm, The (Brilliantovaya ruka)', 'nulla suspendisse potenti', 7.77);
insert into movies (id, title, description_movie, price) values (22, 'American Gigolo', 'diam erat', 1.36);
insert into movies (id, title, description_movie, price) values (23, 'Lust for Life', 'aenean lectus pellentesque', 8.08);
insert into movies (id, title, description_movie, price) values (24, 'Jump Tomorrow', 'sollicitudin mi', 4.95);
insert into movies (id, title, description_movie, price) values (25, 'San Antonio', 'metus aenean', 7.12);
insert into movies (id, title, description_movie, price) values (26, 'Nirvana', 'maecenas', 7.0);
insert into movies (id, title, description_movie, price) values (27, 'Follow Me, Boys!', 'ac', 3.91);
insert into movies (id, title, description_movie, price) values (28, 'Legend of the Eight Samurai (Satomi hakken-den)', 'elementum', 4.92);
insert into movies (id, title, description_movie, price) values (29, 'Saratoga', 'dui', 5.09);
insert into movies (id, title, description_movie, price) values (30, 'San Quentin', 'nunc proin at', 6.92);
insert into movies (id, title, description_movie, price) values (31, 'Batman', 'aliquet', 9.01);
insert into movies (id, title, description_movie, price) values (32, 'Maverick', 'pede posuere nonummy', 6.26);
insert into movies (id, title, description_movie, price) values (33, 'Pokemon 4 Ever (a.k.a. Pokémon 4: The Movie)', 'neque', 9.2);
insert into movies (id, title, description_movie, price) values (34, 'Femme Fatale', 'turpis', 2.98);
insert into movies (id, title, description_movie, price) values (35, 'Boys Love', 'felis', 6.44);
insert into movies (id, title, description_movie, price) values (36, 'Black Tights (1-2-3-4 ou Les Collants noirs)', 'ut', 2.77);
insert into movies (id, title, description_movie, price) values (37, 'The Way He Looks', 'vestibulum sagittis sapien', 6.59);
insert into movies (id, title, description_movie, price) values (38, 'Don''s Plum', 'malesuada in imperdiet', 8.48);
insert into movies (id, title, description_movie, price) values (39, 'Flowers of St. Francis (Francesco, giullare di Dio)', 'diam nam', 2.62);
insert into movies (id, title, description_movie, price) values (40, 'Violent Saturday', 'urna pretium', 6.96);
insert into movies (id, title, description_movie, price) values (41, 'Last Exit to Brooklyn', 'turpis integer', 8.32);
insert into movies (id, title, description_movie, price) values (42, 'Ironclad', 'turpis', 4.62);
insert into movies (id, title, description_movie, price) values (43, 'Klown: The Movie (Klovn)', 'quis odio', 3.05);
insert into movies (id, title, description_movie, price) values (44, 'Kounterfeit', 'accumsan felis ut', 1.4);
insert into movies (id, title, description_movie, price) values (45, 'In the Loop', 'luctus et ultrices', 5.93);
insert into movies (id, title, description_movie, price) values (46, 'Snow Falling on Cedars', 'primis in faucibus', 6.42);
insert into movies (id, title, description_movie, price) values (47, 'Broken Lance', 'non ligula pellentesque', 9.8);
insert into movies (id, title, description_movie, price) values (48, 'Chain Camera', 'luctus', 8.83);
insert into movies (id, title, description_movie, price) values (49, 'Smurfs 2, The', 'luctus', 7.77);
insert into movies (id, title, description_movie, price) values (50, 'Billy Liar', 'metus vitae', 9.62);
insert into movies (id, title, description_movie, price) values (51, 'Born on the Fourth of July', 'eu', 9.37);
insert into movies (id, title, description_movie, price) values (52, 'Back to Bataan', 'vitae quam', 4.66);
insert into movies (id, title, description_movie, price) values (53, 'Midnight in the Garden of Good and Evil', 'ac nibh fusce', 3.23);
insert into movies (id, title, description_movie, price) values (54, 'The Fuller Brush Man', 'diam vitae quam', 4.88);
insert into movies (id, title, description_movie, price) values (55, 'Man of Iron (Czlowiek z Zelaza)', 'ullamcorper', 7.75);
insert into movies (id, title, description_movie, price) values (56, 'Heaven Can Wait', 'ultrices', 5.13);
insert into movies (id, title, description_movie, price) values (57, 'Great Gatsby, The', 'semper', 4.14);
insert into movies (id, title, description_movie, price) values (58, 'Rolling', 'diam neque vestibulum', 4.84);
insert into movies (id, title, description_movie, price) values (59, 'Don''t Come Knocking', 'donec', 9.45);
insert into movies (id, title, description_movie, price) values (60, 'Seventh Horse of the Sun  (Suraj Ka Satvan Ghoda)', 'sollicitudin', 8.97);
insert into movies (id, title, description_movie, price) values (61, 'Novena, The (La neuvaine)', 'a libero nam', 3.4);
insert into movies (id, title, description_movie, price) values (62, 'Rocky', 'quam', 6.68);
insert into movies (id, title, description_movie, price) values (63, 'Sleep Room, The', 'elit', 4.99);
insert into movies (id, title, description_movie, price) values (64, 'My Brother the Devil', 'nulla elit ac', 1.54);
insert into movies (id, title, description_movie, price) values (65, 'EXPO: Magic of the White City', 'dignissim', 6.16);
insert into movies (id, title, description_movie, price) values (66, 'Volver', 'feugiat', 5.94);
insert into movies (id, title, description_movie, price) values (67, 'Mood Indigo (L''écume des jours)', 'velit eu est', 8.15);
insert into movies (id, title, description_movie, price) values (68, 'Drive, He Said', 'mollis', 4.83);
insert into movies (id, title, description_movie, price) values (69, 'Bloomington', 'felis', 4.91);
insert into movies (id, title, description_movie, price) values (70, 'Let the Good Times Roll', 'augue', 9.65);
insert into movies (id, title, description_movie, price) values (71, 'Investigating Sex (a.k.a. Intimate Affairs)', 'potenti in', 9.84);
insert into movies (id, title, description_movie, price) values (72, 'Oliver & Company', 'in quam', 1.02);
insert into movies (id, title, description_movie, price) values (73, 'Joanna', 'mauris enim leo', 5.8);
insert into movies (id, title, description_movie, price) values (74, 'Paycheck', 'fusce lacus purus', 4.05);
insert into movies (id, title, description_movie, price) values (75, 'Jolson Story, The', 'potenti nullam porttitor', 5.68);
insert into movies (id, title, description_movie, price) values (76, 'Double Life of Veronique, The (Double Vie de Véronique, La)', 'curabitur at ipsum', 2.82);
insert into movies (id, title, description_movie, price) values (77, 'Luther the Geek', 'amet cursus id', 2.24);
insert into movies (id, title, description_movie, price) values (78, 'Trancers II', 'molestie', 5.99);
insert into movies (id, title, description_movie, price) values (79, 'Salaam-E-Ishq', 'eget massa tempor', 5.32);
insert into movies (id, title, description_movie, price) values (80, 'TV Set, The', 'est donec', 8.39);
insert into movies (id, title, description_movie, price) values (81, 'Shadowlands', 'justo etiam', 7.68);
insert into movies (id, title, description_movie, price) values (82, 'You Don''t Know Jack', 'ultrices enim lorem', 8.94);
insert into movies (id, title, description_movie, price) values (83, 'Back Stage', 'sodales sed tincidunt', 2.34);
insert into movies (id, title, description_movie, price) values (84, 'Made in America', 'suscipit a feugiat', 4.89);
insert into movies (id, title, description_movie, price) values (85, 'Breakfast Club, The', 'elit proin', 7.46);
insert into movies (id, title, description_movie, price) values (86, 'Laurel Canyon', 'justo sollicitudin', 7.9);
insert into movies (id, title, description_movie, price) values (87, 'Foodfight!', 'aenean', 2.13);
insert into movies (id, title, description_movie, price) values (88, 'Glorious Technicolor', 'sed interdum venenatis', 3.14);
insert into movies (id, title, description_movie, price) values (89, 'Silmido', 'justo', 3.98);
insert into movies (id, title, description_movie, price) values (90, 'Casanova ''70', 'tellus semper interdum', 7.61);
insert into movies (id, title, description_movie, price) values (91, 'Notorious', 'erat quisque', 6.8);
insert into movies (id, title, description_movie, price) values (92, 'Cinderella', 'sapien sapien non', 4.36);
insert into movies (id, title, description_movie, price) values (93, 'Hard, Fast and Beautiful', 'cubilia', 1.57);
insert into movies (id, title, description_movie, price) values (94, 'Such Is Life (Así es la vida...)', 'nulla ac', 5.49);
insert into movies (id, title, description_movie, price) values (95, 'Six Days Seven Nights', 'porttitor pede justo', 8.85);
insert into movies (id, title, description_movie, price) values (96, 'High Test Girls', 'tempor', 6.94);
insert into movies (id, title, description_movie, price) values (97, 'Sleep Tight (Mientras duermes)', 'morbi', 3.43);
insert into movies (id, title, description_movie, price) values (98, 'Tailor of Panama, The', 'eget tempus', 2.69);
insert into movies (id, title, description_movie, price) values (99, '7 Virgins (7 vírgenes)', 'vitae ipsum', 6.5);
insert into movies (id, title, description_movie, price) values (100, 'Night to Remember, A', 'mauris lacinia sapien', 4.65);

create table category_movie (
	id_category INT,
	id_movies INT,

constraint pk_category_movie primary key (id_category, id_movies),
constraint fk_category_movie foreign key (id_category) references category (id),
constraint fk_category_movie2 foreign key (id_movies) references movies (id)


);

insert into category_movie (id_category, id_movies) values (1, 1);
insert into category_movie (id_category, id_movies) values (2, 2);
insert into category_movie (id_category, id_movies) values (3, 3);
insert into category_movie (id_category, id_movies) values (4, 4);
insert into category_movie (id_category, id_movies) values (5, 5);
insert into category_movie (id_category, id_movies) values (6, 6);
insert into category_movie (id_category, id_movies) values (7, 7);
insert into category_movie (id_category, id_movies) values (8, 8);
insert into category_movie (id_category, id_movies) values (9, 9);
insert into category_movie (id_category, id_movies) values (10, 10);
insert into category_movie (id_category, id_movies) values (11, 11);
insert into category_movie (id_category, id_movies) values (12, 12);
insert into category_movie (id_category, id_movies) values (13, 13);
insert into category_movie (id_category, id_movies) values (14, 14);
insert into category_movie (id_category, id_movies) values (15, 15);
insert into category_movie (id_category, id_movies) values (16, 16);
insert into category_movie (id_category, id_movies) values (17, 17);
insert into category_movie (id_category, id_movies) values (18, 18);
insert into category_movie (id_category, id_movies) values (19, 19);
insert into category_movie (id_category, id_movies) values (20, 20);
insert into category_movie (id_category, id_movies) values (21, 21);
insert into category_movie (id_category, id_movies) values (22, 22);
insert into category_movie (id_category, id_movies) values (23, 23);
insert into category_movie (id_category, id_movies) values (24, 24);
insert into category_movie (id_category, id_movies) values (25, 25);
insert into category_movie (id_category, id_movies) values (26, 26);
insert into category_movie (id_category, id_movies) values (27, 27);
insert into category_movie (id_category, id_movies) values (28, 28);
insert into category_movie (id_category, id_movies) values (29, 29);
insert into category_movie (id_category, id_movies) values (30, 30);
insert into category_movie (id_category, id_movies) values (31, 31);
insert into category_movie (id_category, id_movies) values (32, 32);
insert into category_movie (id_category, id_movies) values (33, 33);
insert into category_movie (id_category, id_movies) values (34, 34);
insert into category_movie (id_category, id_movies) values (35, 35);
insert into category_movie (id_category, id_movies) values (36, 36);
insert into category_movie (id_category, id_movies) values (37, 37);
insert into category_movie (id_category, id_movies) values (38, 38);
insert into category_movie (id_category, id_movies) values (39, 39);
insert into category_movie (id_category, id_movies) values (40, 40);
insert into category_movie (id_category, id_movies) values (41, 41);
insert into category_movie (id_category, id_movies) values (42, 42);
insert into category_movie (id_category, id_movies) values (43, 43);
insert into category_movie (id_category, id_movies) values (44, 44);
insert into category_movie (id_category, id_movies) values (45, 45);
insert into category_movie (id_category, id_movies) values (46, 46);
insert into category_movie (id_category, id_movies) values (47, 47);
insert into category_movie (id_category, id_movies) values (48, 48);
insert into category_movie (id_category, id_movies) values (49, 49);
insert into category_movie (id_category, id_movies) values (50, 50);
insert into category_movie (id_category, id_movies) values (51, 51);
insert into category_movie (id_category, id_movies) values (52, 52);
insert into category_movie (id_category, id_movies) values (53, 53);
insert into category_movie (id_category, id_movies) values (54, 54);
insert into category_movie (id_category, id_movies) values (55, 55);
insert into category_movie (id_category, id_movies) values (56, 56);
insert into category_movie (id_category, id_movies) values (57, 57);
insert into category_movie (id_category, id_movies) values (58, 58);
insert into category_movie (id_category, id_movies) values (59, 59);
insert into category_movie (id_category, id_movies) values (60, 60);
insert into category_movie (id_category, id_movies) values (61, 61);
insert into category_movie (id_category, id_movies) values (62, 62);
insert into category_movie (id_category, id_movies) values (63, 63);
insert into category_movie (id_category, id_movies) values (64, 64);
insert into category_movie (id_category, id_movies) values (65, 65);
insert into category_movie (id_category, id_movies) values (66, 66);
insert into category_movie (id_category, id_movies) values (67, 67);
insert into category_movie (id_category, id_movies) values (68, 68);
insert into category_movie (id_category, id_movies) values (69, 69);
insert into category_movie (id_category, id_movies) values (70, 70);
insert into category_movie (id_category, id_movies) values (71, 71);
insert into category_movie (id_category, id_movies) values (72, 72);
insert into category_movie (id_category, id_movies) values (73, 73);
insert into category_movie (id_category, id_movies) values (74, 74);
insert into category_movie (id_category, id_movies) values (75, 75);
insert into category_movie (id_category, id_movies) values (76, 76);
insert into category_movie (id_category, id_movies) values (77, 77);
insert into category_movie (id_category, id_movies) values (78, 78);
insert into category_movie (id_category, id_movies) values (79, 79);
insert into category_movie (id_category, id_movies) values (80, 80);
insert into category_movie (id_category, id_movies) values (81, 81);
insert into category_movie (id_category, id_movies) values (82, 82);
insert into category_movie (id_category, id_movies) values (83, 83);
insert into category_movie (id_category, id_movies) values (84, 84);
insert into category_movie (id_category, id_movies) values (85, 85);
insert into category_movie (id_category, id_movies) values (86, 86);
insert into category_movie (id_category, id_movies) values (87, 87);
insert into category_movie (id_category, id_movies) values (88, 88);
insert into category_movie (id_category, id_movies) values (89, 89);
insert into category_movie (id_category, id_movies) values (90, 90);
insert into category_movie (id_category, id_movies) values (91, 91);
insert into category_movie (id_category, id_movies) values (92, 92);
insert into category_movie (id_category, id_movies) values (93, 93);
insert into category_movie (id_category, id_movies) values (94, 94);
insert into category_movie (id_category, id_movies) values (95, 95);
insert into category_movie (id_category, id_movies) values (96, 96);
insert into category_movie (id_category, id_movies) values (97, 97);
insert into category_movie (id_category, id_movies) values (98, 98);
insert into category_movie (id_category, id_movies) values (99, 99);
insert into category_movie (id_category, id_movies) values (100, 100);

create table users (
	username VARCHAR(50),
	password VARCHAR(50),
	first_name VARCHAR(50),
	last_name VARCHAR(50),
	date DATE,
	gender VARCHAR(50),
	admin  TINYINT(1),

constraint pk_users primary key (username)

);

insert into users (username, password, first_name, last_name, date, gender, admin) values ('inma', MD5('inma'), 'inma', 'olias', '1965-12-30', 'Female', 1);
insert into users (username, password, first_name, last_name, date, gender, admin) values ('javi', MD5('javi'), 'sergio', 'romero', '2004-03-28', 'Male', 0);
